-- MySQL dump 10.13  Distrib 8.0.29, for Win64 (x86_64)
--
-- Host: localhost    Database: invoice_db
-- ------------------------------------------------------
-- Server version	8.0.29

/*!40101 SET @OLD_CHARACTER_SET_CLIENT=@@CHARACTER_SET_CLIENT */;
/*!40101 SET @OLD_CHARACTER_SET_RESULTS=@@CHARACTER_SET_RESULTS */;
/*!40101 SET @OLD_COLLATION_CONNECTION=@@COLLATION_CONNECTION */;
/*!50503 SET NAMES utf8 */;
/*!40103 SET @OLD_TIME_ZONE=@@TIME_ZONE */;
/*!40103 SET TIME_ZONE='+00:00' */;
/*!40014 SET @OLD_UNIQUE_CHECKS=@@UNIQUE_CHECKS, UNIQUE_CHECKS=0 */;
/*!40014 SET @OLD_FOREIGN_KEY_CHECKS=@@FOREIGN_KEY_CHECKS, FOREIGN_KEY_CHECKS=0 */;
/*!40101 SET @OLD_SQL_MODE=@@SQL_MODE, SQL_MODE='NO_AUTO_VALUE_ON_ZERO' */;
/*!40111 SET @OLD_SQL_NOTES=@@SQL_NOTES, SQL_NOTES=0 */;

--
-- Table structure for table `customers`
--

DROP TABLE IF EXISTS `customers`;
/*!40101 SET @saved_cs_client     = @@character_set_client */;
/*!50503 SET character_set_client = utf8mb4 */;
CREATE TABLE `customers` (
  `id` int NOT NULL AUTO_INCREMENT,
  `name` varchar(255) NOT NULL,
  `thai_name` varchar(100) DEFAULT NULL,
  PRIMARY KEY (`id`)
) ENGINE=InnoDB AUTO_INCREMENT=59 DEFAULT CHARSET=utf8mb4 COLLATE=utf8mb4_0900_ai_ci;
/*!40101 SET character_set_client = @saved_cs_client */;

--
-- Dumping data for table `customers`
--

LOCK TABLES `customers` WRITE;
/*!40000 ALTER TABLE `customers` DISABLE KEYS */;
INSERT INTO `customers` VALUES (1,'BETTER SOLUTION INTER GROUP CO., LTD.','บริษัท เบ็ทเตอร์ โซลูชั่น อินเตอร์ กรุ๊ป จำกัด'),(2,'WA INTER',NULL),(3,'KERRY FLOUR',NULL),(4,'CENTRAL',NULL),(5,'POWER CUSTOMS',NULL),(11,'TEST',NULL),(12,'A',NULL),(13,'FINE ORGANIC',NULL),(14,'PSK02',NULL),(15,'MAVIN',NULL),(16,'ประกอบมิตร',NULL),(17,'D.ACCESS',NULL),(18,'RT ARGO',NULL),(19,'VET AGRITECH',NULL),(20,'VARLUAID',NULL),(21,'SAI GLOBAL',NULL),(22,'U.LEK 2560',NULL),(23,'MQ BIOTECH',NULL),(24,'ไทยมาสเตอร์แพค',NULL),(25,'CHAINA THAI',NULL),(26,'บางกอก ทรัคกิ้ง',NULL),(27,'I.C.P',NULL),(28,'ROYALTAINER',NULL),(29,'EUROSIA',NULL),(30,'PAMORNCHAI',NULL),(31,'CHINA THAI',NULL),(32,'SEA FLEXI',NULL),(33,'รับตู้',NULL),(34,'คืนตู้',NULL),(35,'โอตานิ',NULL),(36,'ถ่ายน้ำมันเครื่อง',NULL),(37,'K. AKE',NULL),(38,'VIRBAC',NULL),(39,'PAMORNCHAI SUPPLY LTD.,PART.',NULL),(40,'SEA FLEXI LOGISTICS CO.,LTD.',NULL),(41,'VARLUAID CO.,LTD.',NULL),(42,'บริษัท เบ็ทเตอร์ โซลูชั่น อินเตอร์ กรุ๊ป จำกัด',NULL),(43,'CHINA THAI TRANSPORT CO.,LTD.',NULL),(44,'U.LEK 2560 CO.,LTD.',NULL),(45,'EUROSIA TRADING CO.,LTD.',NULL),(46,'บริษัท บางกอก ทรัคกิ้ง เซอร์วิส จำกัด',NULL),(47,'บริษัท ไทยมาสเตอร์แพค จำกัด',NULL),(48,'SAI GLOBAL EXPRESS CO.,LTD.',NULL),(49,'MAVIN TRANSGLOBAL LTD.',NULL),(50,'VET AGRITECH CO.,LTD.',NULL),(51,'RT AGRO CO.,LTD.',NULL),(52,'FINE ORGANIC INDUSTRIES (THAILAND) CO.,LTD.',NULL),(53,'D.ACCESS LOGISTICS CO.,LTD.',NULL),(54,'WA INTERNATIONAL CO.,LTD.',NULL),(55,'บริษัท ประกอบมิตร ทรานสปอร์ต จำกัด',NULL),(56,'บริษัท พีเอสเค 02 ทรานสปอร์ต จำกัด(สำนักงานใหญ่)',NULL),(57,'ROYALTAINER CORPORATION LTD.',NULL),(58,'Customer Name',NULL);
/*!40000 ALTER TABLE `customers` ENABLE KEYS */;
UNLOCK TABLES;

--
-- Table structure for table `invoices`
--

DROP TABLE IF EXISTS `invoices`;
/*!40101 SET @saved_cs_client     = @@character_set_client */;
/*!50503 SET character_set_client = utf8mb4 */;
CREATE TABLE `invoices` (
  `id` int NOT NULL AUTO_INCREMENT,
  `month` date DEFAULT NULL,
  `truck_id` int DEFAULT NULL,
  PRIMARY KEY (`id`),
  UNIQUE KEY `unique_invoice` (`truck_id`,`month`),
  CONSTRAINT `invoices_ibfk_1` FOREIGN KEY (`truck_id`) REFERENCES `trucks` (`id`)
) ENGINE=InnoDB AUTO_INCREMENT=33 DEFAULT CHARSET=utf8mb4 COLLATE=utf8mb4_0900_ai_ci;
/*!40101 SET character_set_client = @saved_cs_client */;

--
-- Dumping data for table `invoices`
--

LOCK TABLES `invoices` WRITE;
/*!40000 ALTER TABLE `invoices` DISABLE KEYS */;
INSERT INTO `invoices` VALUES (27,'2026-01-01',1),(28,'2026-01-01',2),(22,'2025-10-01',3),(29,'2026-01-01',3),(26,'2025-03-01',4);
/*!40000 ALTER TABLE `invoices` ENABLE KEYS */;
UNLOCK TABLES;

--
-- Table structure for table `invoices_details`
--

DROP TABLE IF EXISTS `invoices_details`;
/*!40101 SET @saved_cs_client     = @@character_set_client */;
/*!50503 SET character_set_client = utf8mb4 */;
CREATE TABLE `invoices_details` (
  `id` int NOT NULL AUTO_INCREMENT,
  `date` date DEFAULT NULL,
  `order` varchar(50) DEFAULT NULL,
  `loading` varchar(30) DEFAULT NULL,
  `returning` varchar(30) DEFAULT NULL,
  `freight` decimal(10,2) DEFAULT NULL,
  `toll` decimal(10,2) DEFAULT NULL,
  `gas` decimal(10,2) DEFAULT NULL,
  `extra_expense` decimal(10,2) DEFAULT NULL,
  `remark` varchar(100) DEFAULT '-',
  `invoice_id` int DEFAULT NULL,
  `customer_id` int DEFAULT NULL,
  `driver_advance` decimal(10,2) DEFAULT '0.00',
  `destination` varchar(100) DEFAULT NULL,
  PRIMARY KEY (`id`),
  KEY `invoices_details_ibfk_1` (`invoice_id`),
  KEY `invoices_details_ibfk_2` (`customer_id`),
  CONSTRAINT `invoices_details_ibfk_1` FOREIGN KEY (`invoice_id`) REFERENCES `invoices` (`id`) ON DELETE CASCADE,
  CONSTRAINT `invoices_details_ibfk_2` FOREIGN KEY (`customer_id`) REFERENCES `customers` (`id`) ON DELETE CASCADE ON UPDATE CASCADE
) ENGINE=InnoDB AUTO_INCREMENT=286 DEFAULT CHARSET=utf8mb4 COLLATE=utf8mb4_0900_ai_ci;
/*!40101 SET character_set_client = @saved_cs_client */;

--
-- Dumping data for table `invoices_details`
--

LOCK TABLES `invoices_details` WRITE;
/*!40000 ALTER TABLE `invoices_details` DISABLE KEYS */;
INSERT INTO `invoices_details` VALUES (36,'2025-10-16',NULL,'A','G',6000.00,100.00,1000.00,0.00,'-',22,5,0.00,''),(39,'2025-10-12',NULL,'P','B',5000.00,100.00,1000.00,0.00,'-',26,NULL,0.00,'C (TEST)AAA'),(42,'2025-11-09',NULL,'TA','AAS',23000.00,50.00,0.00,0.00,'-',22,4,0.00,'SAS'),(44,'2026-01-06',NULL,'ท่าเรือ บีเอ็มที','CDS KM.15',5000.00,305.00,0.00,0.00,'TCNU6973531',27,1,0.00,'WID/หนามแดง'),(45,'2026-01-07',NULL,'ลาน สุขสวัสดิ์เทอร์มินอล','ลาน สุขสวัสดิ์เทอร์มินอล',5500.00,0.00,0.00,130.00,'CAIU9559774',27,1,0.00,'บางเสาธง'),(46,'2026-01-08',NULL,'คลองเตย','ลาน ไทเองกอง',9000.00,235.00,1893.78,0.00,'TEMU8582475',27,13,0.00,'ฟายด์ออแกนิค /ลพบุรี'),(47,'2026-01-09',NULL,'ท่าเรือ บีเอ็มที','G-FORTUNE กิ่งแก้ว',5500.00,265.00,1575.56,0.00,'HLBU2416687',27,14,0.00,'อินเทค/นาเกลือ'),(48,'2026-01-09',NULL,'ท่าเรือ บีเอ็มที','ลาน ซีดีเอส 1',5000.00,305.00,1970.61,0.00,'SEGU5473896',27,1,0.00,'หนามแดง'),(49,'2026-01-10',NULL,'CIMC KM.19','คลองเตย T.1',5000.00,320.00,0.00,0.00,'TLLU8650478',27,15,0.00,'ลวดอุตสาหกรรม/ซอยบางปลา'),(50,'2026-01-12',NULL,'ลาน เอส.อาร์.เค.ดีโป','ลาดกระบัง 2',9000.00,235.00,2171.07,500.00,'ONEU5482299',27,13,0.00,'ฟายด์/ลพบุรี'),(51,'2026-01-13',NULL,'คลองเตย','CDS STORAGE',5500.00,240.00,2342.63,130.00,'EGSU1942082',27,16,0.00,'โอคานิโรงใน/นครปฐม'),(52,'2026-01-13',NULL,'ท่าเรือ ทีพีที (ท่าปูน)','ท่าเรือ ทีพีที (ท่าปูน)',4000.00,70.00,1833.66,0.00,'PCIU1857934',27,2,0.00,'บางปู'),(53,'2026-01-14',NULL,'ท่าเรือ ทีพีที (ท่าปูน)','ท่าเรือ ทีพีที (ท่าปูน)',4000.00,300.00,0.00,0.00,'PCIU1061593',27,2,0.00,'บางปู'),(54,'2026-01-14',NULL,'ท่าเรือ ทีพีที (ท่าปูน)','ท่าเรือ ทีพีที (ท่าปูน)',4000.00,285.00,2039.67,0.00,'PCIU1387131',27,2,0.00,'บางปู'),(55,'2026-01-15',NULL,'ท่าเรือ บีเอ็มที','CDS KM.15',5000.00,150.00,2095.43,0.00,'HLHU8335394',27,1,0.00,'WID /หนามแดง'),(56,'2026-01-15',NULL,'CIMC KM.19','คลองเตย T.1',5000.00,175.00,0.00,0.00,'NBYU8122080',27,15,0.00,'ลวดอุตสาหกรรม/ซอยบางปลา'),(57,'2026-01-16',NULL,'ลาน สมาร์ท 2 (กม.19)','คลองเตย T.1',7000.00,305.00,0.00,0.00,'AXEU6018800',27,17,0.00,'ซีซู/กระทุ่มแบน'),(58,'2026-01-17',NULL,'ลาน เอส.อาร์.เค.ดีโป','ลาดกระบัง 2',9000.00,190.00,1663.27,500.00,'DRYU9504915',27,13,0.00,'ฟายด์/ลพบุรี'),(59,'2026-01-19',NULL,'คลองเตย','ลาดกระบัง 6',5000.00,70.00,0.00,0.00,'ONEU9403718',27,18,0.00,'คู่สร้าง'),(60,'2026-01-20',NULL,'ท่าเรือ บีเอ็มที','ลาน สยามเดโป',6000.00,105.00,1481.91,0.00,'OOCU7295584',27,19,0.00,'VET/บางบัวทอง'),(61,'2026-01-21',NULL,'ลาน สุขสวัสดิ์เทอร์มินอล','ลาน สุขสวัสดิ์เทอร์มินอล',5500.00,250.00,1931.98,500.00,'CIPU5159311',27,1,0.00,'บางเสาธง'),(62,'2026-01-22',NULL,'คลองเตย','ลาน เอสอาร์ เคโปร์',5000.00,300.00,1475.36,0.00,'TCKU4383510',27,20,0.00,'คู่สร้าง'),(63,'2026-01-22',NULL,'ลาน สมาร์ท 1 (กม.19)','คลองเตย T.1',5000.00,125.00,1468.30,500.00,'NBYU8307736',27,15,0.00,'ลวดอุตสาหกรรม/ซอยบางปลา'),(64,'2026-01-23',NULL,'ลาน สุขสวัสดิ์เทอร์มินอล','ลาน สุขสวัสดิ์เทอร์มินอล',5700.00,430.00,0.00,0.00,'TXGU6767220',27,21,0.00,'เจือออย/สมุทรสาคร'),(65,'2026-01-24',NULL,'ท่าเรือ สหไทย','ท่าเรือ สหไทย',4500.00,320.00,1505.80,0.00,'UETU7494294',27,22,0.00,'พุทธบูชา'),(66,'2026-01-25',NULL,'ท่าเรือ บีเอ็มที','จีฟอน กิ่งแก้ว 26',5500.00,235.00,1526.59,0.00,'CSNU7446458',27,23,0.00,'MQ/บ้านเก่า'),(67,'2026-01-27',NULL,'ลาน วิน วิน','ท่าเรือ สหไทย',5000.00,190.00,0.00,500.00,'CAIU3054888',27,26,0.00,'ฮาร์ดโมเสค/สมุทรสาคร'),(68,'2026-01-27',NULL,'ลาน วิน วิน','ลาดกระบัง 1',5800.00,70.00,0.00,0.00,'TIIU5913938',27,24,0.00,'สุขสวัสดิ์ 72'),(69,'2026-01-28',NULL,'ลาดกระบัง 6','ลาน เอสอาร์ เคโปร์',5600.00,290.00,1875.71,0.00,'TCLU7973652',27,30,0.00,'ประชาอุทิศ'),(70,'2026-01-28',NULL,'ลาดกระบัง 2','OM DEPOT',7000.00,250.00,0.00,0.00,'FSCU5050385',27,29,0.00,'ลาดบัวหลวง'),(71,'2026-01-29',NULL,'ลาน สุขสวัสดิ์เทอร์มินอล','ลาน อาร์ซีแอล 127',5500.00,70.00,0.00,0.00,'TXGU5429085',27,31,0.00,'E THAI/สมุทรสาคร'),(72,'2026-01-29',NULL,'ท่าเรือ บีเอ็มที','ลาน BCDS (SAHA)',4500.00,235.00,1741.71,500.00,'DFSU6771159',27,22,0.00,'ยูเล็ก/พุทธบูชา'),(73,'2026-01-30',NULL,'ลาน สุขสวัสดิ์เทอร์มินอล','ลาน อาร์ซีแอล 127',5500.00,105.00,0.00,0.00,'DRYU9863113',27,31,0.00,'E THAI/สมุทรสาคร'),(74,'2026-01-31',NULL,'ลาน ทีไอดี','คลองเตย T.1',5500.00,0.00,0.00,0.00,'FTAU1615817',27,32,0.00,'ธนโชค/กระทุ่มแบน'),(75,'2026-01-31',NULL,'ท่าเรือ บีเอ็มที','ลาน ทีไอดี',5000.00,0.00,0.00,0.00,'TXGU6064253',28,1,0.00,'หนามแดง'),(76,'2026-01-30',NULL,'ท่าเรือ บีเอ็มที','ลาน ทีไอดี',5000.00,0.00,0.00,0.00,'FCIU7548660',28,1,0.00,'WID/หนามแดง'),(77,'2026-01-29',NULL,'คลองเตย','G-FORTUNE กิ่งแก้ว',4200.00,0.00,0.00,0.00,'GAOU2491054',28,27,0.00,'BMTP/ICP'),(78,'2026-01-29',NULL,'ท่าเรือ บีเอ็มที','CDS KM.15',5000.00,0.00,0.00,0.00,'TGBU4384656',28,1,0.00,'หนามแดง'),(79,'2026-01-28',NULL,'ลาน สมาร์ท 1 (กม.19)','คลองเตย T.1',5000.00,0.00,0.00,0.00,'FFAU6500222',28,15,0.00,'ลวดอุตสาหกรรม/ซอยบางปลา'),(80,'2026-01-27',NULL,'ท่าเรือ บีเอ็มที','G-FORTUNE กิ่งแก้ว',4800.00,0.00,0.00,0.00,'TCLU1207270',28,20,0.00,'คู่สร้าง'),(81,'2026-01-27',NULL,'ลาน วิน วิน','ท่าเรือ สหไทย',5000.00,0.00,0.00,0.00,'MSMU3000340',28,26,0.00,'ฮาร์ดโมเสค/สมุทรสาคร'),(82,'2026-01-27',NULL,'ลาน วิน วิน','ลาดกระบัง 1',6100.00,305.00,0.00,0.00,'MRSU7256285',28,24,0.00,'สุขสวัสดิ์ 72'),(83,'2026-01-25',NULL,'ท่าเรือ บีเอ็มที','จีฟอน กิ่งแก้ว 26',5500.00,250.00,7902.00,0.00,'CSNU7637562',28,1,0.00,'MQ/บ้านเก่า'),(84,'2026-01-24',NULL,'ท่าเรือ บีเอ็มที','จีฟอน กิ่งแก้ว 26',5500.00,250.00,0.00,0.00,'FCIU9553558',28,1,0.00,'MQ/บ้านเก่า'),(85,'2026-01-23',NULL,'ลาน สมาร์ท 1 (กม.19)','คลองเตย T.1',5000.00,290.00,0.00,0.00,'NBYU8055362',28,15,0.00,'ซันซัน/คู่สร้าง'),(86,'2026-01-22',NULL,'คลองเตย','UNICON',4500.00,125.00,0.00,0.00,'CAIU7869087',28,1,0.00,'เปิดตู้ BMTP'),(87,'2026-01-22',NULL,'ท่าเรือ บีเอ็มที','จีฟอน กิ่งแก้ว 26',4800.00,210.00,0.00,0.00,'HAMU4705713',28,20,0.00,'คู่สร้าง'),(88,'2026-01-21',NULL,'ลาน วิน วิน','ลาดกระบัง 1',5800.00,125.00,0.00,0.00,'MRSU7459359',28,24,0.00,'สุขสวัสดิ์ 72'),(89,'2026-01-21',NULL,'ลาน สยามเดโป','ท่าเรือ สหไทย',4300.00,375.00,0.00,0.00,'TLLU3005316',28,24,0.00,'สุขสวัสดิ์ 72'),(90,'2026-01-20',NULL,'ลาน เอเจแอลดี (ประชาอุทิศ)','ลาดกระบัง 1',5800.00,320.00,0.00,0.00,'MRKU4958407',28,24,0.00,'สุขสวัสดิ์ 72'),(91,'2026-01-18',NULL,'คลองเตย','ไทเองกอง',9500.00,70.00,0.00,0.00,'WHLU3501774',28,1,0.00,'กรีนบิ้ว/ชลบุรี'),(92,'2026-01-18',NULL,'คลองเตย','ไทเองกอง',10500.00,125.00,0.00,0.00,'WHLU1501950',28,1,0.00,'กรีนบิ้ว/ชลบุรี'),(93,'2026-01-16',NULL,'ท่าเรือ ทีพีที (ท่าปูน)','ท่าเรือ สหไทย',5000.00,250.00,0.00,0.00,'CAAU6378363',28,20,0.00,'คู่สร้าง'),(94,'2026-01-16',NULL,'ท่าเรือ ทีพีที (ท่าปูน)','ท่าเรือ สหไทย',5000.00,250.00,0.00,0.00,'MRKU0739782',28,20,0.00,'คู่สร้าง'),(95,'2026-01-15',NULL,'CIMC KM.19','คลองเตย T.1',5000.00,235.00,0.00,0.00,'NBYU8093085',28,15,0.00,'ลวดอุตสาหกรรม/ซอยบางปลา'),(96,'2026-01-14',NULL,'ลาน สุขสวัสดิ์เทอร์มินอล','ลาน ทีไอดี',5500.00,125.00,8413.00,0.00,'TGBU6403755',28,25,0.00,'E-THAI/สมุทรสาคร'),(97,'2026-01-14',NULL,'ลาน สุขสวัสดิ์เทอร์มินอล','ลาน สุขสวัสดิ์เทอร์มินอล',9500.00,250.00,0.00,0.00,'CAIU6613634',28,1,0.00,'ชลบุรี'),(98,'2026-01-13',NULL,'ลาน เอส.อาร์.เค.ดีโป','ลาดกระบัง 2',9000.00,70.00,0.00,0.00,'FFAU6482514',28,13,0.00,'ฟายด์/ลพบุรี'),(99,'2026-01-12',NULL,'ลาน เอส.อาร์.เค.ดีโป','ลาดกระบัง 2',9000.00,70.00,0.00,0.00,'CAAU8792897',28,13,0.00,'ฟายด์/ลพบุรี'),(100,'2026-01-10',NULL,'ท่าเรือ บีเอ็มที','ลานซีเอ็มเอ (ซอยบางปลา)',5000.00,160.00,0.00,0.00,'CGMU5557820',28,20,0.00,'คู่สร้าง'),(101,'2026-01-10',NULL,'CIMC KM.19','คลองเตย T.1',5000.00,125.00,0.00,0.00,'NBYU8308305',28,15,0.00,'ลวดอุตสาหกรรม/ซอยบางปลา'),(102,'2026-01-09',NULL,'ลาน วายเจซี','คลองเตย T.1',5600.00,295.00,0.00,0.00,'SKHU6408776',28,24,0.00,'สุขสวัสดิ์ 72'),(103,'2026-01-09',NULL,'ลาน วายเจซี','คลองเตย T.1',5600.00,300.00,0.00,0.00,'OBLU3320822',28,24,0.00,'สุขสวัสดิ์ 72'),(104,'2026-01-09',NULL,'ลาน ธนรุ่ง','คลองเตย T.1',4600.00,265.00,0.00,0.00,'SEKU4434483',28,24,0.00,'สุขสวัสดิ์ 72'),(105,'2026-01-08',NULL,'ท่าเรือ บีเอ็มที','ลาน ทีไอดี',5000.00,250.00,0.00,0.00,'KMTU9309426',28,1,0.00,'หนามแดง'),(106,'2026-01-07',NULL,'ลาน สุขสวัสดิ์เทอร์มินอล','ลาน ทีไอดี',9500.00,250.00,0.00,0.00,'BMOU6359577',28,1,0.00,'บลูเลเบิล/ชลบุรี'),(107,'2026-01-06',NULL,'คลองเตย','ลาดกระบัง 6',5000.00,305.00,8493.00,0.00,'ONEU9067300',28,18,0.00,'คู่สร้าง'),(108,'2026-01-30',NULL,'ลาน ซีดีเอส 1','ท่าเรือ ยูนิไทย',5800.00,0.00,0.00,0.00,'SKHU8414485',29,24,0.00,'สุขสวัสดิ์ 72'),(109,'2026-01-30',NULL,'ลาน สุขสวัสดิ์เทอร์มินอล','ลาน อาร์ซีแอล 127',5500.00,0.00,0.00,0.00,'REGU5107279',29,25,0.00,'E THAI/กระทุ่มแบน'),(110,'2026-01-29',NULL,'ลาน สยามเดโป','ลาน สยามเดโป',9100.00,0.00,0.00,0.00,'TCNU1374417',29,28,0.00,'เขาย้อย / เพชรบุรี'),(111,'2026-01-28',NULL,'ท่าเรือ บีเอ็มที','G-FORTUNE กิ่งแก้ว',4800.00,0.00,0.00,0.00,'CGMU5607197',29,20,0.00,'คู่สร้าง'),(112,'2026-01-27',NULL,'ท่าเรือ บีเอ็มที','G-FORTUNE กิ่งแก้ว',4800.00,190.00,0.00,0.00,'CGMU6960275',29,20,0.00,'คู่สร้าง'),(113,'2026-01-27',NULL,'ลาน วิน วิน','ท่าเรือ สหไทย',5000.00,250.00,9461.00,0.00,'MEDU5906665',29,26,0.00,'ฮาร์ดโมเสค/สมุทรสาคร'),(114,'2026-01-26',NULL,'ลาน สุขสวัสดิ์เทอร์มินอล','ลาน สุขสวัสดิ์เทอร์มินอล',5700.00,250.00,0.00,0.00,'TXGU6902422',29,21,0.00,'เจือออย/สมุทรสาคร'),(115,'2026-01-24',NULL,'CIMC KM.19','คลองเตย T.1',6500.00,320.00,0.00,0.00,'NBYU8125834',29,26,0.00,'ทองรุ่งแสง/นครปฐม'),(116,'2026-01-23',NULL,'ลาน สมาร์ท 1 (กม.19)','คลองเตย T.1',5000.00,250.00,0.00,0.00,'NBYU8190300',29,15,0.00,'ซันซัน/คู่สร้าง'),(117,'2026-01-23',NULL,'ลาน ทีไอดี','TICT',5300.00,35.00,7335.00,0.00,'ONEU0195737',29,24,0.00,'สุขสวัสดิ์ 72'),(118,'2026-01-22',NULL,'ท่าเรือ บีเอ็มที','จีฟอน กิ่งแก้ว 26',4800.00,250.00,0.00,0.00,'THRU8608614',29,20,0.00,'คู่สร้าง'),(119,'2026-01-21',NULL,'คลองเตย','จีฟอน กิ่งแก้ว 33',5500.00,70.00,0.00,0.00,'FYCU7227370',29,1,0.00,'บางเสาธง'),(120,'2026-01-21',NULL,'คลองเตย','ลาน สยามเดโป',4000.00,35.00,0.00,0.00,'EOLU3294971',29,20,0.00,'คู่สร้าง'),(121,'2026-01-21',NULL,'ลาน วิน วิน','ลาดกระบัง 1',5800.00,220.00,4792.00,0.00,'MRSU7041311',29,24,0.00,'สุขสวัสดิ์ 72'),(122,'2026-01-20',NULL,'ท่าเรือ บีเอ็มที','ลาน สยามเดโป',6000.00,250.00,0.00,0.00,'TTNU5409676',29,19,0.00,'VET/บางบัวทอง'),(123,'2026-01-18',NULL,'คลองเตย','ไทเองกอง',9500.00,125.00,0.00,0.00,'WHLU3503294',29,1,0.00,'กรีนบิ้ว/ชลบุรี'),(124,'2026-01-17',NULL,'คลองเตย','ไทเองกอง',10500.00,235.00,0.00,0.00,'WHLU1501944',29,1,0.00,'กรีนบิ้ว/ชลบุรี'),(125,'2026-01-16',NULL,'ลาน สมาร์ท 2 (กม.19)','คลองเตย T.1',7000.00,250.00,6916.00,0.00,'NLLU4203537',29,17,0.00,'ซีซู/กระทุ่มแบน'),(126,'2026-01-15',NULL,'CIMC KM.19','คลองเตย T.1',5000.00,235.00,0.00,0.00,'NBYU8292359',29,15,0.00,'ลวดอุตสาหกรรม/ซอยบางปลา'),(127,'2026-01-14',NULL,'ลาน สุขสวัสดิ์เทอร์มินอล','ลาน ทีไอดี',5500.00,250.00,0.00,0.00,'FFAU1074741',29,25,0.00,'E-THAI/สมุทรสาคร'),(128,'2026-01-14',NULL,'ลาน สุขสวัสดิ์เทอร์มินอล','ลาน สุขสวัสดิ์เทอร์มินอล',9500.00,35.00,7635.00,0.00,'CAIU3642639',29,1,0.00,'ชลบุรี'),(129,'2026-01-09',NULL,'ลาน สุขสวัสดิ์เทอร์มินอล','ลาน สุขสวัสดิ์เทอร์มินอล',34400.00,70.00,7000.00,0.00,'REGU522359',29,1,0.00,'ภูเก็ต'),(130,'2026-01-09',NULL,'ท่าเรือ บีเอ็มที','G-FORTUNE กิ่งแก้ว',5500.00,0.00,5908.00,0.00,'HLBU1483103',29,14,0.00,'อินเทค/นาเกลือ'),(131,'2026-01-09',NULL,'ลาน เอส.อาร์.เค.ดีโป','TICT',4600.00,250.00,0.00,0.00,'TRHU3463646',29,24,0.00,'สุขสวัสดิ์ 72'),(132,'2026-01-07',NULL,'ลาน สุขสวัสดิ์เทอร์มินอล','ลาน สุขสวัสดิ์เทอร์มินอล',34400.00,250.00,9285.00,0.00,'TXGU8260511',29,1,0.00,'ภูเก็ต'),(133,'2026-01-06',NULL,'','',0.00,90.00,1811.23,0.00,'',27,33,0.00,''),(134,'2026-01-10',NULL,'','',0.00,70.00,0.00,0.00,'',27,33,0.00,''),(135,'2026-01-10',NULL,'','',0.00,70.00,0.00,0.00,'',27,34,0.00,''),(137,'2026-01-15',NULL,'','',0.00,0.00,6123.20,0.00,'',27,34,0.00,''),(138,'2026-01-16',NULL,'','',0.00,320.00,1540.40,0.00,'',27,34,0.00,''),(139,'2026-01-19',NULL,'','',0.00,125.00,2296.56,0.00,'',27,34,0.00,''),(140,'2026-01-21',NULL,'','',0.00,210.00,0.00,0.00,'',27,34,0.00,''),(141,'2026-01-24',NULL,'','',0.00,355.00,2203.93,0.00,'',27,36,0.00,''),(142,'2026-01-31',NULL,'','',0.00,0.00,0.00,0.00,'',27,34,0.00,''),(143,'2026-01-08',NULL,'','',0.00,70.00,0.00,500.00,'',28,34,0.00,''),(144,'2026-01-17',NULL,'','',0.00,250.00,9162.00,500.00,'',28,34,0.00,''),(145,'2026-01-10',NULL,'','',6000.00,295.00,0.00,0.00,'งานโรจน์',29,37,0.00,''),(146,'2026-01-30',NULL,'','',5500.00,0.00,0.00,0.00,'งานโรจน์',29,38,0.00,''),(147,'2026-01-19',NULL,'','',0.00,125.00,0.00,500.00,'',28,34,0.00,''),(148,'2026-01-19',NULL,'','',0.00,250.00,0.00,150.00,'',28,34,0.00,''),(149,'2026-01-20',NULL,'','',0.00,195.00,8174.00,500.00,'',28,34,0.00,''),(150,'2026-01-24',NULL,'','',0.00,305.00,0.00,260.00,'',28,33,0.00,''),(151,'2026-01-29',NULL,'','',0.00,0.00,0.00,500.00,'',28,34,0.00,''),(152,'2026-01-30',NULL,'','',0.00,0.00,0.00,150.00,'',28,33,0.00,''),(153,'2026-01-30',NULL,'','',0.00,0.00,0.00,500.00,'',28,34,0.00,''),(156,'2026-01-05',NULL,'','',0.00,70.00,7000.00,500.00,'',29,34,0.00,''),(157,'2026-01-05',NULL,'','',0.00,0.00,1766.00,500.00,'',29,34,0.00,''),(158,'2026-01-08',NULL,'','',0.00,305.00,0.00,500.00,'',29,34,0.00,''),(159,'2026-01-08',NULL,'','',0.00,70.00,0.00,150.00,'',29,33,0.00,''),(160,'2026-01-10',NULL,'','',0.00,220.00,0.00,500.00,'',29,34,0.00,''),(161,'2026-01-10',NULL,'','',0.00,320.00,0.00,150.00,'',29,33,0.00,''),(162,'2026-01-15',NULL,'','',0.00,125.00,0.00,500.00,'',29,34,0.00,''),(163,'2026-01-16',NULL,'','',0.00,270.00,0.00,500.00,'',29,34,0.00,''),(164,'2026-01-17',NULL,'','',0.00,310.00,3952.00,500.00,'',29,34,0.00,''),(165,'2026-01-23',NULL,'','',0.00,250.00,0.00,500.00,'',29,34,0.00,''),(166,'2026-01-27',NULL,'','',0.00,290.00,0.00,260.00,'',29,33,0.00,''),(167,'2026-01-28',NULL,'','',0.00,0.00,0.00,500.00,'',29,34,0.00,''),(168,'2026-01-28',NULL,'','',0.00,0.00,0.00,260.00,'',29,33,0.00,''),(169,'2026-01-31',NULL,'','',0.00,0.00,0.00,500.00,'',29,34,0.00,'');
/*!40000 ALTER TABLE `invoices_details` ENABLE KEYS */;
UNLOCK TABLES;

--
-- Table structure for table `trucks`
--

DROP TABLE IF EXISTS `trucks`;
/*!40101 SET @saved_cs_client     = @@character_set_client */;
/*!50503 SET character_set_client = utf8mb4 */;
CREATE TABLE `trucks` (
  `id` int NOT NULL AUTO_INCREMENT,
  `truck_number` varchar(50) NOT NULL,
  `driver_name` varchar(100) DEFAULT NULL,
  `license_plate` varchar(50) DEFAULT NULL,
  `note` text,
  PRIMARY KEY (`id`)
) ENGINE=InnoDB AUTO_INCREMENT=5 DEFAULT CHARSET=utf8mb4 COLLATE=utf8mb4_0900_ai_ci;
/*!40101 SET character_set_client = @saved_cs_client */;

--
-- Dumping data for table `trucks`
--

LOCK TABLES `trucks` WRITE;
/*!40000 ALTER TABLE `trucks` DISABLE KEYS */;
INSERT INTO `trucks` VALUES (1,'955',NULL,NULL,NULL),(2,'956',NULL,NULL,NULL),(3,'957',NULL,NULL,NULL),(4,'สิบล้อ',NULL,NULL,NULL);
/*!40000 ALTER TABLE `trucks` ENABLE KEYS */;
UNLOCK TABLES;
/*!40103 SET TIME_ZONE=@OLD_TIME_ZONE */;

/*!40101 SET SQL_MODE=@OLD_SQL_MODE */;
/*!40014 SET FOREIGN_KEY_CHECKS=@OLD_FOREIGN_KEY_CHECKS */;
/*!40014 SET UNIQUE_CHECKS=@OLD_UNIQUE_CHECKS */;
/*!40101 SET CHARACTER_SET_CLIENT=@OLD_CHARACTER_SET_CLIENT */;
/*!40101 SET CHARACTER_SET_RESULTS=@OLD_CHARACTER_SET_RESULTS */;
/*!40101 SET COLLATION_CONNECTION=@OLD_COLLATION_CONNECTION */;
/*!40111 SET SQL_NOTES=@OLD_SQL_NOTES */;

-- Dump completed on 2026-02-08 22:22:34
